{"cameraMode":{"drawMode":0,"name":"Shaded","section":"Shading Mode"},"sceneLighting":true,"audioPlay":false,"sceneViewState":{"showFog":true,"showMaterialUpdate":false,"showSkybox":true,"showFlares":true,"showImageEffects":true,"showParticleSystems":true},"in2DMode":false,"pivot":{"x":-20.270471572875978,"y":5.150522232055664,"z":7.101733684539795},"rotation":{"x":-0.14723826944828034,"y":0.11811921745538712,"z":-0.01798217184841633,"w":-0.9823049902915955},"size":29.976045608520509,"orthographic":false}